publication_date;report_date;province;health_zone;probable_cases;confirmed_cases;total_cases;new_suspected_cases;old_suspected_cases;total_suspected_cases;new_deaths;total_deaths;confirmed_deaths;new_cured;total_cured;population_density;forest_coverage_percent;water_proximity_index;latitude;longitude
43375;43374;North Kivu;Beni;5;37;42;7;0;7;0;29;24;0;8;400;0.45;0.6;0.4911;29.473
43375;43374;North Kivu;Butembo;2;7;9;6;0;6;1;5;3;0;3;1200;0.15;0.4;0.1416;29.2881
43375;43374;North Kivu;Goma;0;0;0;0;0;0;0;0;0;0;0;2500;0.1;0.95;-1.6585;29.2185
43375;43374;North Kivu;Kalunguta;0;1;1;0;0;0;0;0;0;0;1;60;0.75;0.5;0.28;29.35
43375;43374;North Kivu;Oicha;1;2;3;1;0;1;0;1;0;0;2;120;0.8;0.5;0.6936;29.5218
43375;43374;North Kivu;Mabalako;21;69;90;2;0;2;0;65;44;0;28;55;0.85;0.6;0.4167;29.25
43375;43374;North Kivu;Masereka;0;1;1;0;0;0;0;1;1;0;0;90;0.3;0.3;0.18;29.15
43375;43374;North Kivu;Musienene;1;0;1;1;0;1;0;1;0;0;0;110;0.35;0.4;0.1;29.2
43375;43374;Ituri;Komanda;0;1;1;0;0;0;0;0;0;0;0;80;0.6;0.5;1.0508;30.0119
43375;43374;Ituri;Mandima;2;9;11;1;0;1;0;3;1;0;3;30;0.88;0.6;1.1522;29.0718
43375;43374;Ituri;Tchomia;0;2;2;0;0;0;0;1;1;0;0;220;0.12;0.98;1.4822;30.4319
43374;43373;North Kivu;Beni;5;37;42;4;0;4;1;29;24;0;8;400;0.45;0.6;0.4911;29.473
43374;43373;North Kivu;Butembo;2;7;9;2;0;2;0;4;2;0;3;1200;0.15;0.4;0.1416;29.2881
43374;43373;North Kivu;Goma;0;0;0;0;0;0;0;0;0;0;0;2500;0.1;0.95;-1.6585;29.2185
43374;43373;North Kivu;Kalunguta;0;1;1;0;0;0;0;0;0;0;1;60;0.75;0.5;0.28;29.35
43374;43373;North Kivu;Oicha;1;2;3;0;0;0;0;1;0;0;2;120;0.8;0.5;0.6936;29.5218
43374;43373;North Kivu;Mabalako;21;69;90;2;0;2;0;65;44;0;28;55;0.85;0.6;0.4167;29.25
43374;43373;North Kivu;Masereka;0;1;1;0;0;0;0;1;1;0;0;90;0.3;0.3;0.18;29.15
43374;43373;North Kivu;Musienene;1;0;1;0;0;0;0;1;0;0;0;110;0.35;0.4;0.1;29.2
43374;43373;Ituri;Komanda;0;1;1;0;0;0;0;0;0;0;0;80;0.6;0.5;1.0508;30.0119
43374;43373;Ituri;Mandima;2;9;11;0;0;0;0;3;1;0;3;30;0.88;0.6;1.1522;29.0718
43374;43373;Ituri;Tchomia;0;2;2;1;0;1;0;1;1;0;0;220;0.12;0.98;1.4822;30.4319
43373;43372;North Kivu;Beni;5;36;41;5;0;5;2;28;23;0;8;400;0.45;0.6;0.4911;29.473
43373;43372;North Kivu;Butembo;2;7;9;1;0;1;0;4;2;0;3;1200;0.15;0.4;0.1416;29.2881
43373;43372;North Kivu;Goma;0;0;0;0;0;0;0;0;0;0;0;2500;0.1;0.95;-1.6585;29.2185
43373;43372;North Kivu;Kalunguta;0;1;1;0;0;0;0;0;0;0;1;60;0.75;0.5;0.28;29.35
43373;43372;North Kivu;Oicha;1;2;3;0;0;0;0;1;0;0;2;120;0.8;0.5;0.6936;29.5218
43373;43372;North Kivu;Mabalako;21;69;90;1;0;1;0;65;44;0;28;55;0.85;0.6;0.4167;29.25
43373;43372;North Kivu;Masereka;0;1;1;1;0;1;0;1;1;0;0;90;0.3;0.3;0.18;29.15
43373;43372;North Kivu;Musienene;1;0;1;0;0;0;0;1;0;0;0;110;0.35;0.4;0.1;29.2
43373;43372;Ituri;Komanda;0;0;0;0;0;0;0;0;0;0;0;80;0.6;0.5;1.0508;30.0119
43373;43372;Ituri;Mandima;2;9;11;2;0;2;0;3;1;0;3;30;0.88;0.6;1.1522;29.0718
43373;43372;Ituri;Tchomia;0;2;2;3;0;3;0;1;1;0;0;220;0.12;0.98;1.4822;30.4319
43372;43371;North Kivu;Beni;4;35;39;6;0;6;0;26;22;0;8;400;0.45;0.6;0.4911;29.473
43372;43371;North Kivu;Butembo;2;7;9;2;0;2;0;4;2;0;3;1200;0.15;0.4;0.1416;29.2881
43372;43371;North Kivu;Goma;0;0;0;0;0;0;0;0;0;0;0;2500;0.1;0.95;-1.6585;29.2185
43372;43371;North Kivu;Kalunguta;0;1;1;0;0;0;0;0;0;0;1;60;0.75;0.5;0.28;29.35
43372;43371;North Kivu;Oicha;1;2;3;0;0;0;0;1;0;0;2;120;0.8;0.5;0.6936;29.5218
43372;43371;North Kivu;Mabalako;21;69;90;6;0;6;0;65;44;0;28;55;0.85;0.6;0.4167;29.25
43372;43371;North Kivu;Masereka;0;1;1;1;0;1;0;1;1;0;0;90;0.3;0.3;0.18;29.15
43372;43371;North Kivu;Musienene;1;0;1;0;0;0;0;1;0;0;0;110;0.35;0.4;0.1;29.2
43372;43371;Ituri;Komanda;0;0;0;0;0;0;0;0;0;0;0;80;0.6;0.5;1.0508;30.0119
43372;43371;Ituri;Mandima;2;9;11;1;0;1;0;3;1;0;3;30;0.88;0.6;1.1522;29.0718
43372;43371;Ituri;Tchomia;0;2;2;7;0;7;0;1;1;0;0;220;0.12;0.98;1.4822;30.4319
43371;43370;North Kivu;Beni;4;34;38;4;0;4;1;26;22;0;8;400;0.45;0.6;0.4911;29.473
43371;43370;North Kivu;Butembo;2;6;8;1;0;1;0;4;2;2;3;1200;0.15;0.4;0.1416;29.2881
43371;43370;North Kivu;Goma;0;0;0;0;0;0;0;0;0;0;0;2500;0.1;0.95;-1.6585;29.2185
43371;43370;North Kivu;Kalunguta;0;1;1;0;0;0;0;0;0;0;1;60;0.75;0.5;0.28;29.35
43371;43370;North Kivu;Oicha;1;2;3;0;0;0;0;1;0;0;2;120;0.8;0.5;0.6936;29.5218
43371;43370;North Kivu;Mabalako;21;69;90;6;0;6;0;65;44;0;28;55;0.85;0.6;0.4167;29.25
43371;43370;North Kivu;Masereka;0;1;1;0;0;0;0;1;1;0;0;90;0.3;0.3;0.18;29.15
43371;43370;North Kivu;Musienene;1;0;1;0;0;0;0;1;0;0;0;110;0.35;0.4;0.1;29.2
43371;43370;Ituri;Komanda;0;0;0;0;0;0;0;0;0;0;0;80;0.6;0.5;1.0508;30.0119
43371;43370;Ituri;Mandima;2;9;11;0;0;0;0;3;1;0;3;30;0.88;0.6;1.1522;29.0718
43371;43370;Ituri;Tchomia;0;2;2;4;0;4;0;1;1;0;0;220;0.12;0.98;1.4822;30.4319
43370;43369;North Kivu;Beni;4;33;37;2;0;2;0;25;21;2;8;400;0.45;0.6;0.4911;29.473
43370;43369;North Kivu;Butembo;2;6;8;2;0;2;0;4;2;0;1;1200;0.15;0.4;0.1416;29.2881
43370;43369;North Kivu;Goma;0;0;0;1;0;1;0;0;0;0;0;2500;0.1;0.95;-1.6585;29.2185
43370;43369;North Kivu;Kalunguta;0;1;1;0;0;0;0;0;0;0;1;60;0.75;0.5;0.28;29.35
43370;43369;North Kivu;Oicha;1;2;3;0;0;0;0;1;0;0;2;120;0.8;0.5;0.6936;29.5218
43370;43369;North Kivu;Mabalako;21;69;90;3;0;3;0;65;44;0;28;55;0.85;0.6;0.4167;29.25
43370;43369;North Kivu;Masereka;0;1;1;0;0;0;0;1;1;0;0;90;0.3;0.3;0.18;29.15
43370;43369;North Kivu;Musienene;1;0;1;0;0;0;0;1;0;0;0;110;0.35;0.4;0.1;29.2
43370;43369;Ituri;Komanda;0;0;0;0;0;0;0;0;0;0;0;80;0.6;0.5;1.0508;30.0119
43370;43369;Ituri;Mandima;2;9;11;0;0;0;0;3;1;0;3;30;0.88;0.6;1.1522;29.0718
43370;43369;Ituri;Tchomia;0;2;2;3;0;3;0;1;1;0;0;220;0.12;0.98;1.4822;30.4319
43369;43368;North Kivu;Beni;4;30;34;7;0;7;0;25;21;0;6;400;0.45;0.6;0.4911;29.473
43369;43368;North Kivu;Butembo;2;6;8;0;0;0;0;4;2;0;1;1200;0.15;0.4;0.1416;29.2881
43369;43368;North Kivu;Goma;0;0;0;0;0;0;0;0;0;0;0;2500;0.1;0.95;-1.6585;29.2185
43369;43368;North Kivu;Kalunguta;0;1;1;0;0;0;0;0;0;0;1;60;0.75;0.5;0.28;29.35
43369;43368;North Kivu;Oicha;1;2;3;0;0;0;0;1;0;0;2;120;0.8;0.5;0.6936;29.5218
43369;43368;North Kivu;Mabalako;21;69;90;7;0;7;0;65;44;0;28;55;0.85;0.6;0.4167;29.25
43369;43368;North Kivu;Masereka;0;1;1;0;0;0;0;1;1;0;0;90;0.3;0.3;0.18;29.15
43369;43368;North Kivu;Musienene;1;0;1;0;0;0;0;1;0;0;0;110;0.35;0.4;0.1;29.2
43369;43368;Ituri;Komanda;0;0;0;0;0;0;0;0;0;0;0;80;0.6;0.5;1.0508;30.0119
43369;43368;Ituri;Mandima;2;9;11;0;0;0;0;3;1;0;3;30;0.88;0.6;1.1522;29.0718
43369;43368;Ituri;Tchomia;0;2;2;3;0;3;0;1;1;0;0;220;0.12;0.98;1.4822;30.4319
43368;43367;North Kivu;Beni;4;30;34;1;0;1;1;25;21;0;6;400;0.45;0.6;0.4911;29.473
43368;43367;North Kivu;Butembo;2;6;8;3;0;3;0;4;2;0;1;1200;0.15;0.4;0.1416;29.2881
43368;43367;North Kivu;Goma;0;0;0;0;0;0;0;0;0;0;0;2500;0.1;0.95;-1.6585;29.2185
43368;43367;North Kivu;Kalunguta;0;1;1;0;0;0;0;0;0;0;1;60;0.75;0.5;0.28;29.35
43368;43367;North Kivu;Oicha;1;2;3;0;0;0;0;1;0;0;2;120;0.8;0.5;0.6936;29.5218
43368;43367;North Kivu;Mabalako;21;69;90;3;0;3;0;65;44;0;28;55;0.85;0.6;0.4167;29.25
43368;43367;North Kivu;Masereka;0;1;1;1;0;1;0;1;1;0;0;90;0.3;0.3;0.18;29.15
43368;43367;North Kivu;Musienene;1;0;1;0;0;0;0;1;0;0;0;110;0.35;0.4;0.1;29.2
43368;43367;Ituri;Komanda;0;0;0;0;0;0;0;0;0;0;0;80;0.6;0.5;1.0508;30.0119
43368;43367;Ituri;Mandima;2;9;11;2;0;2;0;3;1;0;3;30;0.88;0.6;1.1522;29.0718
43368;43367;Ituri;Tchomia;0;2;2;1;0;1;0;1;1;0;0;220;0.12;0.98;1.4822;30.4319
43367;43366;North Kivu;Beni;4;29;33;3;0;3;0;24;20;0;6;400;0.45;0.6;0.4911;29.473
43367;43366;North Kivu;Butembo;2;6;8;1;0;1;0;4;2;0;1;1200;0.15;0.4;0.1416;29.2881
43367;43366;North Kivu;Goma;0;0;0;0;0;0;0;0;0;0;0;2500;0.1;0.95;-1.6585;29.2185
43367;43366;North Kivu;Kalunguta;0;1;1;0;0;0;0;0;0;0;1;60;0.75;0.5;0.28;29.35
43367;43366;North Kivu;Oicha;1;2;3;1;0;1;0;1;0;0;2;120;0.8;0.5;0.6936;29.5218
43367;43366;North Kivu;Mabalako;21;69;90;4;0;4;0;65;44;1;28;55;0.85;0.6;0.4167;29.25
43367;43366;North Kivu;Masereka;0;1;1;0;0;0;0;1;1;0;0;90;0.3;0.3;0.18;29.15
43367;43366;North Kivu;Musienene;1;0;1;0;0;0;0;1;0;0;0;110;0.35;0.4;0.1;29.2
43367;43366;Ituri;Komanda;0;0;0;0;0;0;0;0;0;0;0;80;0.6;0.5;1.0508;30.0119
43367;43366;Ituri;Mandima;2;9;11;0;0;0;0;3;1;0;3;30;0.88;0.6;1.1522;29.0718
43367;43366;Ituri;Tchomia;0;2;2;0;0;0;0;1;1;0;0;220;0.12;0.98;1.4822;30.4319
43366;43365;North Kivu;Beni;4;29;33;4;0;4;0;24;20;0;6;400;0.45;0.6;0.4911;29.473
43366;43365;North Kivu;Butembo;2;6;8;2;0;2;1;4;2;0;1;1200;0.15;0.4;0.1416;29.2881
43366;43365;North Kivu;Goma;0;0;0;0;0;0;0;0;0;0;0;2500;0.1;0.95;-1.6585;29.2185
43366;43365;North Kivu;Kalunguta;0;1;1;0;0;0;0;0;0;0;1;60;0.75;0.5;0.28;29.35
43366;43365;North Kivu;Oicha;1;2;3;1;0;1;0;1;0;0;2;120;0.8;0.5;0.6936;29.5218
43366;43365;North Kivu;Mabalako;21;69;90;4;0;4;0;65;44;0;27;55;0.85;0.6;0.4167;29.25
43366;43365;North Kivu;Masereka;0;1;1;0;0;0;0;1;1;0;0;90;0.3;0.3;0.18;29.15
43366;43365;North Kivu;Musienene;1;0;1;0;0;0;0;1;0;0;0;110;0.35;0.4;0.1;29.2
43366;43365;Ituri;Komanda;0;0;0;0;0;0;0;0;0;0;0;80;0.6;0.5;1.0508;30.0119
43366;43365;Ituri;Mandima;2;9;11;0;0;0;0;3;1;0;3;30;0.88;0.6;1.1522;29.0718
43366;43365;Ituri;Tchomia;0;1;1;1;0;1;0;1;1;0;0;220;0.12;0.98;1.4822;30.4319
43365;43364;North Kivu;Beni;4;28;32;4;0;4;0;24;20;1;6;400;0.45;0.6;0.4911;29.473
43365;43364;North Kivu;Butembo;2;6;8;2;0;2;0;3;1;0;1;1200;0.15;0.4;0.1416;29.2881
43365;43364;North Kivu;Goma;0;0;0;0;0;0;0;0;0;0;0;2500;0.1;0.95;-1.6585;29.2185
43365;43364;North Kivu;Kalunguta;0;1;1;0;0;0;0;0;0;0;1;60;0.75;0.5;0.28;29.35
43365;43364;North Kivu;Oicha;1;2;3;1;0;1;0;1;0;0;2;120;0.8;0.5;0.6936;29.5218
43365;43364;North Kivu;Mabalako;21;68;89;6;0;6;0;65;44;0;27;55;0.85;0.6;0.4167;29.25
43365;43364;North Kivu;Masereka;0;1;1;0;0;0;0;1;1;0;0;90;0.3;0.3;0.18;29.15
43365;43364;North Kivu;Musienene;1;0;1;0;0;0;0;1;0;0;0;110;0.35;0.4;0.1;29.2
43365;43364;Ituri;Komanda;0;0;0;0;0;0;0;0;0;0;0;80;0.6;0.5;1.0508;30.0119
43365;43364;Ituri;Mandima;2;9;11;0;0;0;0;3;1;0;3;30;0.88;0.6;1.1522;29.0718
43365;43364;Ituri;Tchomia;0;1;1;0;0;0;0;1;1;0;0;220;0.12;0.98;1.4822;30.4319
43364;43363;North Kivu;Beni;4;28;32;3;0;3;1;24;20;0;5;400;0.45;0.6;0.4911;29.473
43364;43363;North Kivu;Butembo;2;6;8;2;0;2;0;3;1;0;1;1200;0.15;0.4;0.1416;29.2881
43364;43363;North Kivu;Goma;0;0;0;0;0;0;0;0;0;0;0;2500;0.1;0.95;-1.6585;29.2185
43364;43363;North Kivu;Kalunguta;0;1;1;0;0;0;0;0;0;0;1;60;0.75;0.5;0.28;29.35
43364;43363;North Kivu;Oicha;1;2;3;0;0;0;0;1;0;0;2;120;0.8;0.5;0.6936;29.5218
43364;43363;North Kivu;Mabalako;21;68;89;3;0;3;0;65;44;0;27;55;0.85;0.6;0.4167;29.25
43364;43363;North Kivu;Masereka;0;1;1;0;0;0;0;1;1;0;0;90;0.3;0.3;0.18;29.15
43364;43363;North Kivu;Musienene;1;0;1;1;0;1;0;1;0;0;0;110;0.35;0.4;0.1;29.2
43364;43363;Ituri;Komanda;0;0;0;0;0;0;0;0;0;0;0;80;0.6;0.5;1.0508;30.0119
43364;43363;Ituri;Mandima;2;9;11;2;0;2;0;3;1;0;3;30;0.88;0.6;1.1522;29.0718
43364;43363;Ituri;Tchomia;0;1;1;0;0;0;1;1;1;0;0;220;0.12;0.98;1.4822;30.4319
43363;43362;North Kivu;Beni;4;25;29;2;0;2;0;23;19;1;5;400;0.45;0.6;0.4911;29.473
43363;43362;North Kivu;Butembo;2;6;8;2;0;2;0;3;1;0;1;1200;0.15;0.4;0.1416;29.2881
43363;43362;North Kivu;Goma;0;0;0;1;0;1;0;0;0;0;0;2500;0.1;0.95;-1.6585;29.2185
43363;43362;North Kivu;Kalunguta;0;1;1;0;0;0;0;0;0;0;1;60;0.75;0.5;0.28;29.35
43363;43362;North Kivu;Oicha;1;2;3;0;0;0;0;1;0;0;2;120;0.8;0.5;0.6936;29.5218
43363;43362;North Kivu;Mabalako;21;68;89;2;0;2;0;65;44;0;27;55;0.85;0.6;0.4167;29.25
43363;43362;North Kivu;Masereka;0;1;1;0;0;0;0;1;1;0;0;90;0.3;0.3;0.18;29.15
43363;43362;North Kivu;Musienene;1;0;1;0;0;0;0;1;0;0;0;110;0.35;0.4;0.1;29.2
43363;43362;Ituri;Komanda;0;0;0;0;0;0;0;0;0;0;0;80;0.6;0.5;1.0508;30.0119
43363;43362;Ituri;Mandima;2;9;11;0;0;0;0;3;1;0;3;30;0.88;0.6;1.1522;29.0718
43362;43361;North Kivu;Beni;4;25;29;1;0;1;0;23;19;0;4;400;0.45;0.6;0.4911;29.473
43362;43361;North Kivu;Butembo;2;5;7;5;0;5;0;3;1;0;1;1200;0.15;0.4;0.1416;29.2881
43362;43361;North Kivu;Goma;0;0;0;1;0;1;0;0;0;0;0;2500;0.1;0.95;-1.6585;29.2185
43362;43361;North Kivu;Kalunguta;0;1;1;0;0;0;0;0;0;0;1;60;0.75;0.5;0.28;29.35
43362;43361;North Kivu;Oicha;1;2;3;0;0;0;0;1;0;0;2;120;0.8;0.5;0.6936;29.5218
43362;43361;North Kivu;Mabalako;21;68;89;1;0;1;0;65;44;0;27;55;0.85;0.6;0.4167;29.25
43362;43361;North Kivu;Masereka;0;1;1;0;0;0;0;1;1;0;0;90;0.3;0.3;0.18;29.15
43362;43361;North Kivu;Musienene;1;0;1;0;0;0;0;1;0;0;0;110;0.35;0.4;0.1;29.2
43362;43361;Ituri;Komanda;0;0;0;0;0;0;0;0;0;0;0;80;0.6;0.5;1.0508;30.0119
43362;43361;Ituri;Mandima;2;9;11;1;0;1;0;3;1;0;3;30;0.88;0.6;1.1522;29.0718
43361;43360;North Kivu;Beni;4;25;29;3;1;4;0;23;19;0;4;400;0.45;0.6;0.4911;29.473
43361;43360;North Kivu;Butembo;2;5;7;0;0;0;0;3;1;0;1;1200;0.15;0.4;0.1416;29.2881
43361;43360;North Kivu;Goma;0;0;0;0;0;0;0;0;0;0;0;2500;0.1;0.95;-1.6585;29.2185
43361;43360;North Kivu;Kalunguta;0;1;1;0;0;0;0;0;0;0;1;60;0.75;0.5;0.28;29.35
43361;43360;North Kivu;Oicha;1;2;3;0;0;0;0;1;0;0;2;120;0.8;0.5;0.6936;29.5218
43361;43360;North Kivu;Mabalako;21;68;89;0;0;0;0;65;44;0;27;55;0.85;0.6;0.4167;29.25
43361;43360;North Kivu;Masereka;0;1;1;0;0;0;0;1;1;0;0;90;0.3;0.3;0.18;29.15
43361;43360;North Kivu;Musienene;1;0;1;0;0;0;0;1;0;0;0;110;0.35;0.4;0.1;29.2
43361;43360;Ituri;Komanda;0;0;0;0;0;0;0;0;0;0;0;80;0.6;0.5;1.0508;30.0119
43361;43360;Ituri;Mandima;2;9;11;2;0;2;0;3;1;0;3;30;0.88;0.6;1.1522;29.0718
43360;43359;North Kivu;Beni;4;25;29;1;0;1;0;23;19;0;4;400;0.45;0.6;0.4911;29.473
43360;43359;North Kivu;Butembo;2;5;7;1;0;1;0;3;1;0;1;1200;0.15;0.4;0.1416;29.2881
43360;43359;North Kivu;Goma;0;0;0;0;0;0;0;0;0;0;0;2500;0.1;0.95;-1.6585;29.2185
43360;43359;North Kivu;Kalunguta;0;1;1;0;0;0;0;0;0;0;1;60;0.75;0.5;0.28;29.35
43360;43359;North Kivu;Oicha;1;2;3;2;0;2;0;1;0;0;2;120;0.8;0.5;0.6936;29.5218
43360;43359;North Kivu;Mabalako;21;68;89;1;0;1;0;65;44;0;27;55;0.85;0.6;0.4167;29.25
43360;43359;North Kivu;Masereka;0;1;1;1;0;1;0;1;1;0;0;90;0.3;0.3;0.18;29.15
43360;43359;North Kivu;Musienene;1;0;1;0;0;0;0;1;0;0;0;110;0.35;0.4;0.1;29.2
43360;43359;Ituri;Komanda;0;0;0;1;0;1;0;0;0;0;0;80;0.6;0.5;1.0508;30.0119
43360;43359;Ituri;Mandima;2;9;11;0;0;0;0;3;1;0;3;30;0.88;0.6;1.1522;29.0718
43359;43358;North Kivu;Beni;4;25;29;1;0;1;2;23;19;0;4;400;0.45;0.6;0.4911;29.473
43359;43358;North Kivu;Butembo;2;5;7;1;0;1;0;3;1;0;1;1200;0.15;0.4;0.1416;29.2881
43359;43358;North Kivu;Goma;0;0;0;0;0;0;0;0;0;0;0;2500;0.1;0.95;-1.6585;29.2185
43359;43358;North Kivu;Kalunguta;0;1;1;0;0;0;0;0;0;0;1;60;0.75;0.5;0.28;29.35
43359;43358;North Kivu;Oicha;1;2;3;0;0;0;0;1;0;0;2;120;0.8;0.5;0.6936;29.5218
43359;43358;North Kivu;Mabalako;21;68;89;1;0;1;0;65;44;1;27;55;0.85;0.6;0.4167;29.25
43359;43358;North Kivu;Masereka;0;1;1;1;0;1;0;1;1;0;0;90;0.3;0.3;0.18;29.15
43359;43358;North Kivu;Musienene;1;0;1;0;0;0;0;1;0;0;0;110;0.35;0.4;0.1;29.2
43359;43358;Ituri;Mandima;2;9;11;0;0;0;0;3;1;0;3;30;0.88;0.6;1.1522;29.0718
43358;43357;North Kivu;Beni;4;24;28;1;0;1;1;21;17;0;4;400;0.45;0.6;0.4911;29.473
43358;43357;North Kivu;Butembo;2;4;6;3;0;3;0;3;1;0;1;1200;0.15;0.4;0.1416;29.2881
43358;43357;North Kivu;Goma;0;0;0;0;0;0;0;0;0;0;0;2500;0.1;0.95;-1.6585;29.2185
43358;43357;North Kivu;Kalunguta;0;1;1;0;0;0;0;0;0;0;1;60;0.75;0.5;0.28;29.35
43358;43357;North Kivu;Oicha;1;2;3;0;0;0;0;1;0;0;2;120;0.8;0.5;0.6936;29.5218
43358;43357;North Kivu;Mabalako;21;68;89;0;0;0;0;65;44;0;26;55;0.85;0.6;0.4167;29.25
43358;43357;North Kivu;Masereka;0;1;1;0;0;0;0;1;1;0;0;90;0.3;0.3;0.18;29.15
43358;43357;North Kivu;Musienene;1;0;1;0;0;0;0;1;0;0;0;110;0.35;0.4;0.1;29.2
43358;43357;Ituri;Mandima;2;9;11;1;0;1;0;3;1;0;3;30;0.88;0.6;1.1522;29.0718
43357;43356;North Kivu;Beni;4;24;28;3;0;3;1;20;16;0;4;400;0.45;0.6;0.4911;29.473
43357;43356;North Kivu;Butembo;2;4;6;5;0;5;0;3;1;0;1;1200;0.15;0.4;0.1416;29.2881
43357;43356;North Kivu;Goma;0;0;0;0;0;0;0;0;0;0;0;2500;0.1;0.95;-1.6585;29.2185
43357;43356;North Kivu;Kalunguta;0;1;1;0;0;0;0;0;0;0;1;60;0.75;0.5;0.28;29.35
43357;43356;North Kivu;Oicha;1;2;3;1;0;1;0;1;0;0;2;120;0.8;0.5;0.6936;29.5218
43357;43356;North Kivu;Mabalako;21;68;89;2;0;2;1;65;44;0;26;55;0.85;0.6;0.4167;29.25
43357;43356;North Kivu;Masereka;0;1;1;2;0;2;0;1;1;0;0;90;0.3;0.3;0.18;29.15
43357;43356;North Kivu;Musienene;1;0;1;0;0;0;0;1;0;0;0;110;0.35;0.4;0.1;29.2
43357;43356;Ituri;Mandima;2;9;11;0;0;0;0;3;1;0;3;30;0.88;0.6;1.1522;29.0718
43356;43355;North Kivu;Beni;4;21;25;8;0;8;0;19;15;0;4;400;0.45;0.6;0.4911;29.473
43356;43355;North Kivu;Butembo;2;4;6;4;0;4;0;3;1;0;1;1200;0.15;0.4;0.1416;29.2881
43356;43355;North Kivu;Goma;0;0;0;0;0;0;0;0;0;0;0;2500;0.1;0.95;-1.6585;29.2185
43356;43355;North Kivu;Kalunguta;0;1;1;0;0;0;0;0;0;0;1;60;0.75;0.5;0.28;29.35
43356;43355;North Kivu;Oicha;1;2;3;1;0;1;0;1;0;0;2;120;0.8;0.5;0.6936;29.5218
43356;43355;North Kivu;Mabalako;21;68;89;2;0;2;0;64;43;0;26;55;0.85;0.6;0.4167;29.25
43356;43355;North Kivu;Masereka;0;1;1;2;0;2;0;1;1;0;0;90;0.3;0.3;0.18;29.15
43356;43355;North Kivu;Musienene;1;0;1;0;0;0;0;1;0;0;0;110;0.35;0.4;0.1;29.2
43356;43355;Ituri;Mandima;2;9;11;0;0;0;0;3;1;0;3;30;0.88;0.6;1.1522;29.0718
43355;43354;North Kivu;Beni;4;20;24;2;0;2;0;19;15;0;4;400;0.45;0.6;0.4911;29.473
43355;43354;North Kivu;Butembo;2;3;5;4;0;4;0;3;1;0;1;1200;0.15;0.4;0.1416;29.2881
43355;43354;North Kivu;Goma;0;0;0;0;0;0;0;0;0;0;0;2500;0.1;0.95;-1.6585;29.2185
43355;43354;North Kivu;Kalunguta;0;1;1;0;0;0;0;0;0;0;1;60;0.75;0.5;0.28;29.35
43355;43354;North Kivu;Oicha;1;2;3;2;0;2;0;1;0;0;2;120;0.8;0.5;0.6936;29.5218
43355;43354;North Kivu;Mabalako;21;66;87;5;3;8;0;64;43;0;26;55;0.85;0.6;0.4167;29.25
43355;43354;North Kivu;Masereka;0;1;1;2;0;2;0;1;1;0;0;90;0.3;0.3;0.18;29.15
43355;43354;North Kivu;Musienene;1;0;1;0;0;0;0;1;0;0;0;110;0.35;0.4;0.1;29.2
43355;43354;Ituri;Mandima;2;9;11;1;0;1;0;3;1;0;3;30;0.88;0.6;1.1522;29.0718
43354;43353;North Kivu;Beni;4;20;24;3;0;3;0;19;15;0;4;400;0.45;0.6;0.4911;29.473
43354;43353;North Kivu;Butembo;2;2;4;0;0;0;0;3;1;1;1;1200;0.15;0.4;0.1416;29.2881
43354;43353;North Kivu;Goma;0;0;0;1;0;1;0;0;0;0;0;2500;0.1;0.95;-1.6585;29.2185
43354;43353;North Kivu;Kalunguta;0;1;1;0;0;0;0;0;0;0;1;60;0.75;0.5;0.28;29.35
43354;43353;North Kivu;Oicha;1;2;3;0;0;0;0;1;0;0;2;120;0.8;0.5;0.6936;29.5218
43354;43353;North Kivu;Mabalako;21;66;87;3;2;5;1;64;43;0;26;55;0.85;0.6;0.4167;29.25
43354;43353;North Kivu;Masereka;0;1;1;0;0;0;0;1;1;0;0;90;0.3;0.3;0.18;29.15
43354;43353;North Kivu;Musienene;1;0;1;0;0;0;0;1;0;0;0;110;0.35;0.4;0.1;29.2
43354;43353;Ituri;Mandima;2;9;11;0;0;0;0;3;1;0;3;30;0.88;0.6;1.1522;29.0718
43353;43352;North Kivu;Beni;4;20;24;1;1;2;1;19;15;1;4;400;0.45;0.6;0.4911;29.473
43353;43352;North Kivu;Butembo;2;2;4;0;0;0;0;3;1;0;0;1200;0.15;0.4;0.1416;29.2881
43353;43352;North Kivu;Kalunguta;0;1;1;0;0;0;0;0;0;0;1;60;0.75;0.5;0.28;29.35
43353;43352;North Kivu;Oicha;1;2;3;0;0;0;0;1;0;0;2;120;0.8;0.5;0.6936;29.5218
43353;43352;North Kivu;Mabalako;21;66;87;2;5;7;0;63;42;0;26;55;0.85;0.6;0.4167;29.25
43353;43352;North Kivu;Masereka;0;1;1;0;0;0;0;1;1;0;0;90;0.3;0.3;0.18;29.15
43353;43352;North Kivu;Musienene;1;0;1;0;0;0;0;1;0;0;0;110;0.35;0.4;0.1;29.2
43353;43352;Ituri;Mandima;2;9;11;0;0;0;0;3;1;0;3;30;0.88;0.6;1.1522;29.0718
43352;43351;North Kivu;Beni;4;20;24;3;1;4;0;18;14;0;3;400;0.45;0.6;0.4911;29.473
43352;43351;North Kivu;Butembo;2;1;3;0;0;0;0;3;1;0;0;1200;0.15;0.4;0.1416;29.2881
43352;43351;North Kivu;Kalunguta;0;1;1;0;0;0;0;0;0;0;1;60;0.75;0.5;0.28;29.35
43352;43351;North Kivu;Oicha;1;2;3;0;0;0;0;1;0;0;2;120;0.8;0.5;0.6936;29.5218
43352;43351;North Kivu;Mabalako;21;66;87;9;7;16;0;63;42;0;26;55;0.85;0.6;0.4167;29.25
43352;43351;North Kivu;Masereka;0;1;1;0;0;0;0;1;1;0;0;90;0.3;0.3;0.18;29.15
43352;43351;North Kivu;Musienene;1;0;1;0;0;0;0;1;0;0;0;110;0.35;0.4;0.1;29.2
43352;43351;Ituri;Mandima;2;9;11;0;0;0;0;3;1;0;3;30;0.88;0.6;1.1522;29.0718
43351;43350;North Kivu;Beni;4;20;24;1;0;1;1;18;14;0;3;400;0.45;0.6;0.4911;29.473
43351;43350;North Kivu;Butembo;2;1;3;3;0;3;0;3;1;0;0;1200;0.15;0.4;0.1416;29.2881
43351;43350;North Kivu;Kalunguta;0;1;1;0;0;0;0;0;0;0;1;60;0.75;0.5;0.28;29.35
43351;43350;North Kivu;Oicha;1;2;3;1;0;1;0;1;0;0;2;120;0.8;0.5;0.6936;29.5218
43351;43350;North Kivu;Mabalako;21;66;87;7;0;7;0;63;42;2;26;55;0.85;0.6;0.4167;29.25
43351;43350;North Kivu;Masereka;0;1;1;0;0;0;0;1;1;0;0;90;0.3;0.3;0.18;29.15
43351;43350;North Kivu;Musienene;1;0;1;0;0;0;0;1;0;0;0;110;0.35;0.4;0.1;29.2
43351;43350;Ituri;Mandima;2;9;11;2;0;2;0;3;1;0;3;30;0.88;0.6;1.1522;29.0718
43350;43349;North Kivu;Beni;4;18;22;2;0;2;0;17;13;0;3;400;0.45;0.6;0.4911;29.473
43350;43349;North Kivu;Butembo;2;1;3;1;0;1;0;3;1;0;0;1200;0.15;0.4;0.1416;29.2881
43350;43349;North Kivu;Kalunguta;0;1;1;0;0;0;0;0;0;0;1;60;0.75;0.5;0.28;29.35
43350;43349;North Kivu;Oicha;1;2;3;1;0;1;0;1;0;0;2;120;0.8;0.5;0.6936;29.5218
43350;43349;North Kivu;Mabalako;21;66;87;4;0;4;0;63;42;1;24;55;0.85;0.6;0.4167;29.25
43350;43349;North Kivu;Masereka;0;1;1;0;0;0;0;1;1;0;0;90;0.3;0.3;0.18;29.15
43350;43349;North Kivu;Musienene;1;0;1;0;0;0;0;1;0;0;0;110;0.35;0.4;0.1;29.2
43350;43349;Ituri;Mandima;2;9;11;1;0;1;0;3;1;0;3;30;0.88;0.6;1.1522;29.0718
43349;43348;North Kivu;Beni;4;18;22;1;0;1;1;17;13;0;3;400;0.45;0.6;0.4911;29.473
43349;43348;North Kivu;Butembo;2;1;3;0;0;0;0;3;1;0;3;1200;0.15;0.4;0.1416;29.2881
43349;43348;North Kivu;Kalunguta;0;1;1;0;0;0;0;0;0;0;3;60;0.75;0.5;0.28;29.35
43349;43348;North Kivu;Oicha;1;2;3;0;0;0;0;1;0;0;3;120;0.8;0.5;0.6936;29.5218
43349;43348;North Kivu;Mabalako;21;66;87;5;0;5;0;63;42;0;3;55;0.85;0.6;0.4167;29.25
43349;43348;North Kivu;Masereka;0;1;1;0;0;0;1;1;1;0;3;90;0.3;0.3;0.18;29.15
43349;43348;North Kivu;Musienene;1;0;1;0;0;0;0;1;0;0;3;110;0.35;0.4;0.1;29.2
43349;43348;Ituri;Mandima;2;9;11;1;0;1;0;3;1;0;3;30;0.88;0.6;1.1522;29.0718
43348;43347;North Kivu;Beni;4;17;21;1;0;1;1;16;12;0;3;400;0.45;0.6;0.4911;29.473
43348;43347;North Kivu;Butembo;2;1;3;0;0;0;1;3;1;0;3;1200;0.15;0.4;0.1416;29.2881
43348;43347;North Kivu;Kalunguta;0;1;1;0;0;0;0;0;0;0;3;60;0.75;0.5;0.28;29.35
43348;43347;North Kivu;Oicha;1;2;3;0;0;0;0;1;0;0;3;120;0.8;0.5;0.6936;29.5218
43348;43347;North Kivu;Mabalako;21;66;87;3;0;3;0;63;42;0;3;55;0.85;0.6;0.4167;29.25
43348;43347;North Kivu;Musienene;1;0;1;0;0;0;0;1;0;0;3;110;0.35;0.4;0.1;29.2
43348;43347;Ituri;Mandima;2;9;11;0;0;0;0;3;1;0;3;30;0.88;0.6;1.1522;29.0718
43347;43346;North Kivu;Beni;4;18;22;4;4;8;3;15;11;0;3;400;0.45;0.6;0.4911;29.473
43347;43346;North Kivu;Butembo;2;0;2;0;0;0;0;2;0;0;3;1200;0.15;0.4;0.1416;29.2881
43347;43346;North Kivu;Oicha;1;2;3;0;0;0;0;1;0;0;3;120;0.8;0.5;0.6936;29.5218
43347;43346;North Kivu;Mabalako;21;65;86;5;3;8;1;63;42;0;3;55;0.85;0.6;0.4167;29.25
43347;43346;North Kivu;Musienene;1;0;1;0;0;0;0;1;0;0;3;110;0.35;0.4;0.1;29.2
43347;43346;Ituri;Mandima;2;8;10;0;0;0;0;3;1;0;3;30;0.88;0.6;1.1522;29.0718
43346;43345;North Kivu;Beni;3;16;19;1;3;4;1;12;9;0;3;400;0.45;0.6;0.4911;29.473
43346;43345;North Kivu;Butembo;2;0;2;0;3;3;0;2;0;0;3;1200;0.15;0.4;0.1416;29.2881
43346;43345;North Kivu;Oicha;1;2;3;0;1;1;0;1;0;0;3;120;0.8;0.5;0.6936;29.5218
43346;43345;North Kivu;Mabalako;21;65;86;5;1;6;0;62;41;0;3;55;0.85;0.6;0.4167;29.25
43346;43345;North Kivu;Musienene;1;0;1;0;0;0;0;1;0;0;3;110;0.35;0.4;0.1;29.2
43346;43345;Ituri;Mandima;2;8;10;0;0;0;0;3;1;0;3;30;0.88;0.6;1.1522;29.0718
43345;43344;North Kivu;Beni;3;15;18;3;1;4;1;11;8;0;3;400;0.45;0.6;0.4911;29.473
43345;43344;North Kivu;Butembo;2;0;2;3;0;3;0;2;0;0;3;1200;0.15;0.4;0.1416;29.2881
43345;43344;North Kivu;Oicha;1;2;3;1;0;1;0;1;0;0;3;120;0.8;0.5;0.6936;29.5218
43345;43344;North Kivu;Mabalako;21;65;86;1;3;4;1;62;41;0;3;55;0.85;0.6;0.4167;29.25
43345;43344;North Kivu;Musienene;1;0;1;0;0;0;0;1;0;0;3;110;0.35;0.4;0.1;29.2
43345;43344;Ituri;Mandima;2;8;10;0;0;0;0;3;1;0;3;30;0.88;0.6;1.1522;29.0718
43344;43343;North Kivu;Beni;3;15;18;4;3;7;0;10;7;0;3;400;0.45;0.6;0.4911;29.473
43344;43343;North Kivu;Butembo;2;0;2;0;0;0;0;2;0;0;3;1200;0.15;0.4;0.1416;29.2881
43344;43343;North Kivu;Oicha;1;2;3;0;0;0;0;1;0;0;3;120;0.8;0.5;0.6936;29.5218
43344;43343;North Kivu;Mabalako;21;65;86;3;1;4;1;61;40;0;3;55;0.85;0.6;0.4167;29.25
43344;43343;North Kivu;Musienene;1;0;1;0;0;0;0;1;0;0;3;110;0.35;0.4;0.1;29.2
43344;43343;Ituri;Mandima;2;8;10;0;0;0;0;3;1;0;3;30;0.88;0.6;1.1522;29.0718
43343;43342;North Kivu;Beni;3;13;16;3;3;6;0;10;7;0;3;400;0.45;0.6;0.4911;29.473
43343;43342;North Kivu;Butembo;2;0;2;0;0;0;0;2;0;0;3;1200;0.15;0.4;0.1416;29.2881
43343;43342;North Kivu;Oicha;1;2;3;1;0;1;0;1;0;0;3;120;0.8;0.5;0.6936;29.5218
43343;43342;North Kivu;Mabalako;21;65;86;1;5;6;0;60;39;0;3;55;0.85;0.6;0.4167;29.25
43343;43342;North Kivu;Musienene;1;0;1;0;0;0;0;1;0;0;3;110;0.35;0.4;0.1;29.2
43343;43342;Ituri;Mandima;2;8;10;0;0;0;0;3;1;0;3;30;0.88;0.6;1.1522;29.0718
43342;43341;North Kivu;Beni;3;11;14;3;0;3;0;10;7;0;3;400;0.45;0.6;0.4911;29.473
43342;43341;North Kivu;Butembo;2;0;2;0;0;0;0;2;0;0;3;1200;0.15;0.4;0.1416;29.2881
43342;43341;North Kivu;Oicha;1;2;3;0;0;0;0;1;0;0;3;120;0.8;0.5;0.6936;29.5218
43342;43341;North Kivu;Mabalako;21;65;86;5;0;5;0;60;39;0;3;55;0.85;0.6;0.4167;29.25
43342;43341;North Kivu;Musienene;1;0;1;0;0;0;0;1;0;0;3;110;0.35;0.4;0.1;29.2
43342;43341;Ituri;Mandima;2;8;10;0;0;0;0;3;1;0;3;30;0.88;0.6;1.1522;29.0718
43341;43340;North Kivu;Beni;3;10;13;5;0;5;2;10;7;0;3;400;0.45;0.6;0.4911;29.473
43341;43340;North Kivu;Butembo;2;0;2;0;0;0;0;2;0;0;3;1200;0.15;0.4;0.1416;29.2881
43341;43340;North Kivu;Oicha;1;2;3;0;0;0;0;1;0;0;3;120;0.8;0.5;0.6936;29.5218
43341;43340;North Kivu;Mabalako;21;65;86;5;0;5;0;60;39;0;3;55;0.85;0.6;0.4167;29.25
43341;43340;North Kivu;Musienene;1;0;1;0;0;0;0;1;0;0;3;110;0.35;0.4;0.1;29.2
43341;43340;Ituri;Mandima;2;8;10;0;0;0;0;3;1;0;3;30;0.88;0.6;1.1522;29.0718
43340;43339;North Kivu;Beni;1;10;11;1;2;3;0;8;7;0;3;400;0.45;0.6;0.4911;29.473
43340;43339;North Kivu;Butembo;2;0;2;0;0;0;0;2;0;0;3;1200;0.15;0.4;0.1416;29.2881
43340;43339;North Kivu;Goma;0;0;0;2;0;2;0;0;0;0;3;2500;0.1;0.95;-1.6585;29.2185
43340;43339;North Kivu;Oicha;1;2;3;1;0;1;0;1;0;0;3;120;0.8;0.5;0.6936;29.5218
43340;43339;North Kivu;Mabalako;21;64;85;5;4;9;0;60;39;0;3;55;0.85;0.6;0.4167;29.25
43340;43339;North Kivu;Musienene;1;0;1;0;0;0;0;1;0;0;3;110;0.35;0.4;0.1;29.2
43340;43339;Ituri;Mandima;2;8;10;2;1;3;0;3;1;0;3;30;0.88;0.6;1.1522;29.0718
43339;43338;North Kivu;Beni;1;10;11;2;1;3;1;8;7;0;3;400;0.45;0.6;0.4911;29.473
43339;43338;North Kivu;Butembo;2;0;2;0;0;0;0;2;0;0;3;1200;0.15;0.4;0.1416;29.2881
43339;43338;North Kivu;Oicha;1;2;3;0;0;0;0;1;0;0;3;120;0.8;0.5;0.6936;29.5218
43339;43338;North Kivu;Mabalako;21;64;85;3;3;6;2;60;39;0;3;55;0.85;0.6;0.4167;29.25
43339;43338;North Kivu;Musienene;1;0;1;0;0;0;0;1;0;0;3;110;0.35;0.4;0.1;29.2
43339;43338;Ituri;Mandima;2;7;9;1;0;1;0;3;1;0;3;30;0.88;0.6;1.1522;29.0718
43338;43337;North Kivu;Beni;1;10;11;2;0;2;1;7;6;0;3;400;0.45;0.6;0.4911;29.473
43338;43337;North Kivu;Butembo;2;0;2;1;0;1;0;2;0;0;3;1200;0.15;0.4;0.1416;29.2881
43338;43337;North Kivu;Oicha;1;2;3;0;0;0;0;1;0;0;3;120;0.8;0.5;0.6936;29.5218
43338;43337;North Kivu;Mabalako;21;64;85;2;1;3;1;58;37;0;3;55;0.85;0.6;0.4167;29.25
43338;43337;North Kivu;Musienene;1;0;1;0;0;0;0;1;0;0;3;110;0.35;0.4;0.1;29.2
43338;43337;Ituri;Mandima;2;7;9;0;0;0;0;3;1;0;3;30;0.88;0.6;1.1522;29.0718
43337;43336;North Kivu;Beni;1;7;8;2;0;2;0;6;5;0;3;400;0.45;0.6;0.4911;29.473
43337;43336;North Kivu;Butembo;2;0;2;1;0;1;0;2;0;0;3;1200;0.15;0.4;0.1416;29.2881
43337;43336;North Kivu;Oicha;1;2;3;0;0;0;0;1;0;0;3;120;0.8;0.5;0.6936;29.5218
43337;43336;North Kivu;Mabalako;21;63;84;2;1;3;3;57;36;0;3;55;0.85;0.6;0.4167;29.25
43337;43336;North Kivu;Musienene;1;0;1;0;0;0;0;1;0;0;3;110;0.35;0.4;0.1;29.2
43337;43336;Ituri;Mandima;2;7;9;0;0;0;0;3;1;0;3;30;0.88;0.6;1.1522;29.0718
43336;43335;North Kivu;Beni;1;7;8;1;0;1;2;6;5;0;3;400;0.45;0.6;0.4911;29.473
43336;43335;North Kivu;Butembo;2;0;2;0;0;0;0;2;0;0;3;1200;0.15;0.4;0.1416;29.2881
43336;43335;North Kivu;Oicha;1;1;2;0;0;0;0;1;0;0;3;120;0.8;0.5;0.6936;29.5218
43336;43335;North Kivu;Mabalako;21;62;83;7;0;7;2;54;33;0;3;55;0.85;0.6;0.4167;29.25
43336;43335;North Kivu;Musienene;1;0;1;0;0;0;0;1;0;0;3;110;0.35;0.4;0.1;29.2
43336;43335;Ituri;Mandima;2;7;9;2;0;2;0;3;1;0;3;30;0.88;0.6;1.1522;29.0718
43335;43334;North Kivu;Beni;0;6;6;3;0;3;0;4;4;0;3;400;0.45;0.6;0.4911;29.473
43335;43334;North Kivu;Butembo;2;0;2;0;0;0;0;2;0;0;3;1200;0.15;0.4;0.1416;29.2881
43335;43334;North Kivu;Oicha;1;1;2;0;1;1;0;1;0;0;3;120;0.8;0.5;0.6936;29.5218
43335;43334;North Kivu;Mabalako;21;62;83;3;6;9;2;52;31;0;3;55;0.85;0.6;0.4167;29.25
43335;43334;North Kivu;Musienene;1;0;1;0;0;0;0;1;0;0;3;110;0.35;0.4;0.1;29.2
43335;43334;Ituri;Mandima;2;7;9;0;0;0;0;3;1;0;3;30;0.88;0.6;1.1522;29.0718
43334;43333;North Kivu;Beni;0;6;6;0;0;0;0;4;4;0;3;400;0.45;0.6;0.4911;29.473
43334;43333;North Kivu;Butembo;2;0;2;0;0;0;0;2;0;0;3;1200;0.15;0.4;0.1416;29.2881
43334;43333;North Kivu;Oicha;1;1;2;1;0;1;0;1;0;0;3;120;0.8;0.5;0.6936;29.5218
43334;43333;North Kivu;Mabalako;21;62;83;6;0;6;2;50;29;0;3;55;0.85;0.6;0.4167;29.25
43334;43333;North Kivu;Musienene;1;0;1;0;0;0;0;1;0;0;3;110;0.35;0.4;0.1;29.2
43334;43333;Ituri;Mandima;2;7;9;0;0;0;0;3;1;0;3;30;0.88;0.6;1.1522;29.0718
43333;43332;North Kivu;Beni;0;6;6;0;0;0;1;4;4;0;3;400;0.45;0.6;0.4911;29.473
43333;43332;North Kivu;Butembo;2;0;2;0;0;0;0;2;0;0;3;1200;0.15;0.4;0.1416;29.2881
43333;43332;North Kivu;Oicha;1;1;2;2;0;2;0;1;0;0;3;120;0.8;0.5;0.6936;29.5218
43333;43332;North Kivu;Mabalako;21;61;82;7;0;7;3;48;27;0;3;55;0.85;0.6;0.4167;29.25
43333;43332;North Kivu;Musienene;1;0;1;0;0;0;0;1;0;0;3;110;0.35;0.4;0.1;29.2
43333;43332;Ituri;Mandima;2;7;9;0;0;0;0;3;1;0;3;30;0.88;0.6;1.1522;29.0718
43332;43331;North Kivu;Beni;0;5;5;2;0;2;0;3;3;0;3;400;0.45;0.6;0.4911;29.473
43332;43331;North Kivu;Butembo;2;0;2;0;0;0;0;2;0;0;3;1200;0.15;0.4;0.1416;29.2881
43332;43331;North Kivu;Oicha;1;0;1;0;0;0;0;1;0;0;3;120;0.8;0.5;0.6936;29.5218
43332;43331;North Kivu;Mabalako;21;57;78;3;0;3;5;45;24;0;3;55;0.85;0.6;0.4167;29.25
43332;43331;North Kivu;Musienene;1;0;1;0;0;0;0;1;0;0;3;110;0.35;0.4;0.1;29.2
43332;43331;Ituri;Mandima;2;7;9;0;0;0;0;3;1;0;3;30;0.88;0.6;1.1522;29.0718
43331;43330;North Kivu;Beni;0;5;5;2;1;3;0;3;3;0;3;400;0.45;0.6;0.4911;29.473
43331;43330;North Kivu;Butembo;2;0;2;0;0;0;0;2;0;0;3;1200;0.15;0.4;0.1416;29.2881
43331;43330;North Kivu;Goma;0;0;0;1;3;4;0;0;0;0;3;2500;0.1;0.95;-1.6585;29.2185
43331;43330;North Kivu;Oicha;1;0;1;0;0;0;0;1;0;0;3;120;0.8;0.5;0.6936;29.5218
43331;43330;North Kivu;Mabalako;21;52;73;5;0;5;1;40;19;0;3;55;0.85;0.6;0.4167;29.25
43331;43330;North Kivu;Musienene;1;0;1;0;0;0;0;1;0;0;3;110;0.35;0.4;0.1;29.2
43331;43330;Ituri;Mandima;2;7;9;0;0;0;0;3;1;0;3;30;0.88;0.6;1.1522;29.0718
43330;43329;North Kivu;Beni;0;5;5;2;5;7;0;3;3;0;3;400;0.45;0.6;0.4911;29.473
43330;43329;North Kivu;Butembo;2;0;2;0;0;0;0;2;0;0;3;1200;0.15;0.4;0.1416;29.2881
43330;43329;North Kivu;Goma;0;0;0;1;2;3;0;0;0;0;3;2500;0.1;0.95;-1.6585;29.2185
43330;43329;North Kivu;Oicha;1;0;1;0;0;0;0;1;0;0;3;120;0.8;0.5;0.6936;29.5218
43330;43329;North Kivu;Mabalako;21;51;72;6;3;9;2;39;18;0;3;55;0.85;0.6;0.4167;29.25
43330;43329;North Kivu;Musienene;1;0;1;0;0;0;0;1;0;0;3;110;0.35;0.4;0.1;29.2
43330;43329;Ituri;Mandima;2;7;9;0;6;6;0;3;1;0;3;30;0.88;0.6;1.1522;29.0718
43329;43328;North Kivu;Beni;0;5;5;1;7;8;0;3;3;0;3;400;0.45;0.6;0.4911;29.473
43329;43328;North Kivu;Butembo;2;0;2;1;0;1;0;2;0;0;3;1200;0.15;0.4;0.1416;29.2881
43329;43328;North Kivu;Goma;0;0;0;2;0;2;0;0;0;0;3;2500;0.1;0.95;-1.6585;29.2185
43329;43328;North Kivu;Oicha;1;0;1;0;0;0;0;1;0;0;3;120;0.8;0.5;0.6936;29.5218
43329;43328;North Kivu;Mabalako;21;48;69;4;0;4;4;37;16;0;3;55;0.85;0.6;0.4167;29.25
43329;43328;North Kivu;Musienene;1;0;1;0;0;0;0;1;0;0;3;110;0.35;0.4;0.1;29.2
43329;43328;Ituri;Mandima;2;7;9;0;6;6;0;3;1;0;3;30;0.88;0.6;1.1522;29.0718
43328;43327;North Kivu;Beni;0;5;5;2;6;8;2;4;4;0;3;400;0.45;0.6;0.4911;29.473
43328;43327;North Kivu;Butembo;2;0;2;0;0;0;0;2;0;0;3;1200;0.15;0.4;0.1416;29.2881
43328;43327;North Kivu;Oicha;1;0;1;0;0;0;0;1;0;0;3;120;0.8;0.5;0.6936;29.5218
43328;43327;North Kivu;Mabalako;21;39;60;4;2;6;0;33;12;0;3;55;0.85;0.6;0.4167;29.25
43328;43327;North Kivu;Masereka;0;0;0;0;4;4;0;0;0;0;3;90;0.3;0.3;0.18;29.15
43328;43327;North Kivu;Musienene;1;0;1;0;0;0;0;1;0;0;3;110;0.35;0.4;0.1;29.2
43328;43327;Ituri;Mandima;2;7;9;3;3;6;0;3;1;0;3;30;0.88;0.6;1.1522;29.0718
43327;43326;North Kivu;Beni;0;5;5;3;4;7;0;2;2;0;3;400;0.45;0.6;0.4911;29.473
43327;43326;North Kivu;Butembo;2;0;2;0;2;2;0;2;0;0;3;1200;0.15;0.4;0.1416;29.2881
43327;43326;North Kivu;Oicha;1;0;1;0;0;0;0;1;0;0;3;120;0.8;0.5;0.6936;29.5218
43327;43326;North Kivu;Mabalako;21;34;55;10;14;24;1;33;12;0;3;55;0.85;0.6;0.4167;29.25
43327;43326;North Kivu;Masereka;0;0;0;0;4;4;0;0;0;0;3;90;0.3;0.3;0.18;29.15
43327;43326;North Kivu;Musienene;1;0;1;0;0;0;0;1;0;0;3;110;0.35;0.4;0.1;29.2
43327;43326;Ituri;Mandima;2;7;9;1;2;3;0;4;2;0;3;30;0.88;0.6;1.1522;29.0718
43326;43325;North Kivu;Beni;0;5;5;1;5;6;0;2;2;0;3;400;0.45;0.6;0.4911;29.473
43326;43325;North Kivu;Butembo;2;0;2;0;2;2;0;2;0;0;3;1200;0.15;0.4;0.1416;29.2881
43326;43325;North Kivu;Oicha;1;0;1;0;0;0;0;1;0;0;3;120;0.8;0.5;0.6936;29.5218
43326;43325;North Kivu;Mabalako;21;27;48;5;17;22;0;32;11;0;3;55;0.85;0.6;0.4167;29.25
43326;43325;North Kivu;Masereka;0;0;0;0;4;4;0;0;0;0;3;90;0.3;0.3;0.18;29.15
43326;43325;North Kivu;Musienene;1;0;1;0;0;0;0;1;0;0;3;110;0.35;0.4;0.1;29.2
43326;43325;Ituri;Mandima;2;7;9;2;0;2;1;4;2;0;3;30;0.88;0.6;1.1522;29.0718
43325;43324;North Kivu;Beni;0;5;5;2;5;7;0;2;2;0;3;400;0.45;0.6;0.4911;29.473
43325;43324;North Kivu;Butembo;2;0;2;2;0;2;0;2;0;0;3;1200;0.15;0.4;0.1416;29.2881
43325;43324;North Kivu;Oicha;1;0;1;0;0;0;0;1;0;0;3;120;0.8;0.5;0.6936;29.5218
43325;43324;North Kivu;Mabalako;21;24;45;8;37;45;1;32;11;0;3;55;0.85;0.6;0.4167;29.25
43325;43324;North Kivu;Masereka;0;0;0;0;4;4;0;0;0;0;3;90;0.3;0.3;0.18;29.15
43325;43324;North Kivu;Musienene;1;0;1;0;0;0;0;1;0;0;3;110;0.35;0.4;0.1;29.2
43325;43324;Ituri;Mandima;2;1;3;0;0;0;1;3;1;0;3;30;0.88;0.6;1.1522;29.0718
43324;43323;North Kivu;Beni;0;5;5;0;7;7;0;2;2;0;3;400;0.45;0.6;0.4911;29.473
43324;43323;North Kivu;Butembo;2;0;2;0;0;0;0;2;0;0;3;1200;0.15;0.4;0.1416;29.2881
43324;43323;North Kivu;Oicha;1;0;1;0;0;0;0;1;0;0;3;120;0.8;0.5;0.6936;29.5218
43324;43323;North Kivu;Mabalako;21;20;41;7;30;37;1;31;10;0;3;55;0.85;0.6;0.4167;29.25
43324;43323;North Kivu;Masereka;0;0;0;4;0;4;0;0;0;0;3;90;0.3;0.3;0.18;29.15
43324;43323;North Kivu;Musienene;1;0;1;0;0;0;0;1;0;0;3;110;0.35;0.4;0.1;29.2
43324;43323;Ituri;Mandima;2;0;2;0;0;0;0;2;0;0;3;30;0.88;0.6;1.1522;29.0718
43323;43322;North Kivu;Beni;0;4;4;1;15;16;0;2;2;0;3;400;0.45;0.6;0.4911;29.473
43323;43322;North Kivu;Butembo;2;0;2;1;0;1;0;2;0;0;3;1200;0.15;0.4;0.1416;29.2881
43323;43322;North Kivu;Oicha;1;0;1;0;0;0;0;1;0;0;3;120;0.8;0.5;0.6936;29.5218
43323;43322;North Kivu;Mabalako;21;18;39;6;30;36;0;30;9;0;3;55;0.85;0.6;0.4167;29.25
43323;43322;North Kivu;Musienene;1;0;1;0;0;0;0;1;0;0;3;110;0.35;0.4;0.1;29.2
43323;43322;Ituri;Mandima;2;0;2;0;0;0;0;2;0;0;3;30;0.88;0.6;1.1522;29.0718
43322;43321;North Kivu;Beni;0;4;4;2;13;15;1;2;2;0;3;400;0.45;0.6;0.4911;29.473
43322;43321;North Kivu;Butembo;2;0;2;0;0;0;0;2;0;0;3;1200;0.15;0.4;0.1416;29.2881
43322;43321;North Kivu;Oicha;1;0;1;0;0;0;0;1;0;0;3;120;0.8;0.5;0.6936;29.5218
43322;43321;North Kivu;Mabalako;21;17;38;6;30;36;1;30;9;0;3;55;0.85;0.6;0.4167;29.25
43322;43321;North Kivu;Musienene;1;0;1;0;0;0;0;1;0;0;3;110;0.35;0.4;0.1;29.2
43322;43321;Ituri;Mandima;2;0;2;0;0;0;0;2;0;0;3;30;0.88;0.6;1.1522;29.0718
43321;43320;North Kivu;Beni;0;4;4;2;20;22;0;1;1;0;3;400;0.45;0.6;0.4911;29.473
43321;43320;North Kivu;Butembo;2;0;2;0;0;0;0;2;0;0;3;1200;0.15;0.4;0.1416;29.2881
43321;43320;North Kivu;Goma;0;0;0;2;0;2;0;0;0;0;3;2500;0.1;0.95;-1.6585;29.2185
43321;43320;North Kivu;Oicha;1;0;1;0;0;0;0;1;0;0;3;120;0.8;0.5;0.6936;29.5218
43321;43320;North Kivu;Mabalako;21;13;34;8;22;30;1;30;9;0;3;55;0.85;0.6;0.4167;29.25
43321;43320;North Kivu;Musienene;1;0;1;0;0;0;0;1;0;0;3;110;0.35;0.4;0.1;29.2
43321;43320;Ituri;Mandima;2;0;2;0;0;0;0;2;0;0;3;30;0.88;0.6;1.1522;29.0718
43320;43319;North Kivu;Beni;0;4;4;3;22;25;0;1;1;0;3;400;0.45;0.6;0.4911;29.473
43320;43319;North Kivu;Butembo;2;0;2;0;0;0;0;2;0;0;3;1200;0.15;0.4;0.1416;29.2881
43320;43319;North Kivu;Oicha;1;0;1;0;0;0;0;1;0;0;3;120;0.8;0.5;0.6936;29.5218
43320;43319;North Kivu;Mabalako;21;13;34;7;15;22;0;29;8;0;3;55;0.85;0.6;0.4167;29.25
43320;43319;North Kivu;Musienene;1;0;1;0;0;0;0;1;0;0;3;110;0.35;0.4;0.1;29.2
43320;43319;Ituri;Mandima;2;0;2;0;0;0;0;2;0;0;3;30;0.88;0.6;1.1522;29.0718
43319;43318;North Kivu;Beni;0;3;3;13;12;25;1;1;1;0;3;400;0.45;0.6;0.4911;29.473
43319;43318;North Kivu;Butembo;2;0;2;0;0;0;0;2;0;0;3;1200;0.15;0.4;0.1416;29.2881
43319;43318;North Kivu;Oicha;1;0;1;0;0;0;0;1;0;0;3;120;0.8;0.5;0.6936;29.5218
43319;43318;North Kivu;Mabalako;21;13;34;4;17;21;1;29;8;0;3;55;0.85;0.6;0.4167;29.25
43319;43318;North Kivu;Musienene;1;0;1;0;0;0;0;1;0;0;3;110;0.35;0.4;0.1;29.2
43319;43318;Ituri;Mandima;2;0;2;0;0;0;0;2;0;0;3;30;0.88;0.6;1.1522;29.0718
43318;43317;North Kivu;Beni;0;3;3;7;7;14;0;0;0;0;3;400;0.45;0.6;0.4911;29.473
43318;43317;North Kivu;Butembo;2;0;2;0;0;0;0;2;0;0;3;1200;0.15;0.4;0.1416;29.2881
43318;43317;North Kivu;Oicha;1;0;1;0;0;0;0;1;0;0;3;120;0.8;0.5;0.6936;29.5218
43318;43317;North Kivu;Mabalako;21;13;34;14;3;17;4;28;7;0;3;55;0.85;0.6;0.4167;29.25
43318;43317;North Kivu;Musienene;1;0;1;0;0;0;0;1;0;0;3;110;0.35;0.4;0.1;29.2
43318;43317;Ituri;Mandima;2;0;2;0;0;0;0;2;0;0;3;30;0.88;0.6;1.1522;29.0718
43318;43317;North Kivu;Mambasa;0;0;0;0;0;0;0;0;0;0;3;25;0.92;0.7;1.3533;29.0536
43316;43315;North Kivu;Beni;0;3;3;0;0;3;0;0;0;0;3;400;0.45;0.6;0.4911;29.473
43316;43315;North Kivu;Butembo;2;0;2;0;0;0;0;2;0;0;3;1200;0.15;0.4;0.1416;29.2881
43316;43315;North Kivu;Oicha;1;0;1;0;0;0;0;1;0;0;3;120;0.8;0.5;0.6936;29.5218
43316;43315;North Kivu;Mabalako;21;10;31;0;0;25;0;24;3;0;3;55;0.85;0.6;0.4167;29.25
43316;43315;North Kivu;Musienene;1;0;1;0;0;0;0;1;0;0;3;110;0.35;0.4;0.1;29.2
43316;43315;Ituri;Mandima;5;0;5;0;0;0;0;5;0;0;3;30;0.88;0.6;1.1522;29.0718
43316;43315;North Kivu;Mambasa;0;0;0;0;0;5;0;0;0;0;3;25;0.92;0.7;1.3533;29.0536
